Depth_meter,Area_meterSquared
0,185890.0044
0.1,175467.2354
0.6,159640.5
1,143813.8
2,101737.5469
3,77701.28
4,53665.01806
5,37773.74
6,21882.46835
7,14786.16
8,7689.857634
9,4445.377
10,1200.896814
10.1,0
