Depth_meter,Area_meterSquared
0,227434.2199
0.1,221846.2199
0.5,213294.4509
1,194412.0957
1.5,164923.9439
2,137979.8383
2.5,113370.2667
3,51598.59447
3.5,24.71221307
4,5.752306919
4.1,0
